User_ID,Movie_ID
1,1
1,24
1,47
1,70
1,93
1,116
1,139
1,162
1,185
1,208
1,231
1,254
1,277
1,300
1,323
1,346
1,369
1,392
1,415
1,438
1,461
1,484
1,507
1,530
1,553
1,576
1,599
1,622
1,645
1,668
2,18
2,41
2,64
2,87
2,110
2,133
2,156
2,179
2,202
2,225
2,248
2,271
2,294
2,317
2,340
2,363
2,386
2,409
2,432
2,455
2,478
2,501
2,524
2,547
2,570
2,593
2,616
2,639
2,662
2,685
3,35
3,58
3,81
3,104
3,127
3,150
3,173
3,196
3,219
3,242
3,265
3,288
3,311
3,334
3,357
3,380
3,403
3,426
3,449
3,472
3,495
3,518
3,541
3,564
3,587
3,610
3,633
3,656
3,679
3,702
4,52
4,75
4,98
4,121
4,144
4,167
4,190
4,213
4,236
4,259
4,282
4,305
4,328
4,351
4,374
4,397
4,420
4,443
4,466
4,489
4,512
4,535
4,558
4,581
4,604
4,627
4,650
4,673
4,696
4,719
5,69
5,92
5,115
5,138
5,161
5,184
5,207
5,230
5,253
5,276
5,299
5,322
5,345
5,368
5,391
5,414
5,437
5,460
5,483
5,506
5,529
5,552
5,575
5,598
5,621
5,644
5,667
5,690
5,713
5,736
6,86
6,109
6,132
6,155
6,178
6,201
6,224
6,247
6,270
6,293
6,316
6,339
6,362
6,385
6,408
6,431
6,454
6,477
6,500
6,523
6,546
6,569
6,592
6,615
6,638
6,661
6,684
6,707
6,730
6,753
7,103
7,126
7,149
7,172
7,195
7,218
7,241
7,264
7,287
7,310
7,333
7,356
7,379
7,402
7,425
7,448
7,471
7,494
7,517
7,540
7,563
7,586
7,609
7,632
7,655
7,678
7,701
7,724
7,747
7,770
8,120
8,143
8,166
8,189
8,212
8,235
8,258
8,281
8,304
8,327
8,350
8,373
8,396
8,419
8,442
8,465
8,488
8,511
8,534
8,557
8,580
8,603
8,626
8,649
8,672
8,695
8,718
8,741
8,764
8,787
9,137
9,160
9,183
9,206
9,229
9,252
9,275
9,298
9,321
9,344
9,367
9,390
9,413
9,436
9,459
9,482
9,505
9,528
9,551
9,574
9,597
9,620
9,643
9,666
9,689
9,712
9,735
9,758
9,781
9,804
10,154
10,177
10,200
10,223
10,246
10,269
10,292
10,315
10,338
10,361
10,384
10,407
10,430
10,453
10,476
10,499
10,522
10,545
10,568
10,591
10,614
10,637
10,660
10,683
10,706
10,729
10,752
10,775
10,798
10,821
11,171
11,194
11,217
11,240
11,263
11,286
11,309
11,332
11,355
11,378
11,401
11,424
11,447
11,470
11,493
11,516
11,539
11,562
11,585
11,608
11,631
11,654
11,677
11,700
11,723
11,746
11,769
11,792
11,815
11,838
12,188
12,211
12,234
12,257
12,280
12,303
12,326
12,349
12,372
12,395
12,418
12,441
12,464
12,487
12,510
12,533
12,556
12,579
12,602
12,625
12,648
12,671
12,694
12,717
12,740
12,763
12,786
12,809
12,832
12,855
13,205
13,228
13,251
13,274
13,297
13,320
13,343
13,366
13,389
13,412
13,435
13,458
13,481
13,504
13,527
13,550
13,573
13,596
13,619
13,642
13,665
13,688
13,711
13,734
13,757
13,780
13,803
13,826
13,849
13,872
14,222
14,245
14,268
14,291
14,314
14,337
14,360
14,383
14,406
14,429
14,452
14,475
14,498
14,521
14,544
14,567
14,590
14,613
14,636
14,659
14,682
14,705
14,728
14,751
14,774
14,797
14,820
14,843
14,866
14,889
15,239
15,262
15,285
15,308
15,331
15,354
15,377
15,400
15,423
15,446
15,469
15,492
15,515
15,538
15,561
15,584
15,607
15,630
15,653
15,676
15,699
15,722
15,745
15,768
15,791
15,814
15,837
15,860
15,883
15,906
16,256
16,279
16,302
16,325
16,348
16,371
16,394
16,417
16,440
16,463
16,486
16,509
16,532
16,555
16,578
16,601
16,624
16,647
16,670
16,693
16,716
16,739
16,762
16,785
16,808
16,831
16,854
16,877
16,900
16,923
17,273
17,296
17,319
17,342
17,365
17,388
17,411
17,434
17,457
17,480
17,503
17,526
17,549
17,572
17,595
17,618
17,641
17,664
17,687
17,710
17,733
17,756
17,779
17,802
17,825
17,848
17,871
17,894
17,917
17,940
18,290
18,313
18,336
18,359
18,382
18,405
18,428
18,451
18,474
18,497
18,520
18,543
18,566
18,589
18,612
18,635
18,658
18,681
18,704
18,727
18,750
18,773
18,796
18,819
18,842
18,865
18,888
18,911
18,934
18,957
19,307
19,330
19,353
19,376
19,399
19,422
19,445
19,468
19,491
19,514
19,537
19,560
19,583
19,606
19,629
19,652
19,675
19,698
19,721
19,744
19,767
19,790
19,813
19,836
19,859
19,882
19,905
19,928
19,951
19,974
20,324
20,347
20,370
20,393
20,416
20,439
20,462
20,485
20,508
20,531
20,554
20,577
20,600
20,623
20,646
20,669
20,692
20,715
20,738
20,761
20,784
20,807
20,830
20,853
20,876
20,899
20,922
20,945
20,968
20,991
21,341
21,364
21,387
21,410
21,433
21,456
21,479
21,502
21,525
21,548
21,571
21,594
21,617
21,640
21,663
21,686
21,709
21,732
21,755
21,778
21,801
21,824
21,847
21,870
21,893
21,916
21,939
21,962
21,985
21,1008
22,358
22,381
22,404
22,427
22,450
22,473
22,496
22,519
22,542
22,565
22,588
22,611
22,634
22,657
22,680
22,703
22,726
22,749
22,772
22,795
22,818
22,841
22,864
22,887
22,910
22,933
22,956
22,979
22,1002
22,1025
23,375
23,398
23,421
23,444
23,467
23,490
23,513
23,536
23,559
23,582
23,605
23,628
23,651
23,674
23,697
23,720
23,743
23,766
23,789
23,812
23,835
23,858
23,881
23,904
23,927
23,950
23,973
23,996
23,1019
23,1042
24,392
24,415
24,438
24,461
24,484
24,507
24,530
24,553
24,576
24,599
24,622
24,645
24,668
24,691
24,714
24,737
24,760
24,783
24,806
24,829
24,852
24,875
24,898
24,921
24,944
24,967
24,990
24,1013
24,1036
24,1059
25,409
25,432
25,455
25,478
25,501
25,524
25,547
25,570
25,593
25,616
25,639
25,662
25,685
25,708
25,731
25,754
25,777
25,800
25,823
25,846
25,869
25,892
25,915
25,938
25,961
25,984
25,1007
25,1030
25,1053
25,1076
26,426
26,449
26,472
26,495
26,518
26,541
26,564
26,587
26,610
26,633
26,656
26,679
26,702
26,725
26,748
26,771
26,794
26,817
26,840
26,863
26,886
26,909
26,932
26,955
26,978
26,1001
26,1024
26,1047
26,1070
26,1093
27,443
27,466
27,489
27,512
27,535
27,558
27,581
27,604
27,627
27,650
27,673
27,696
27,719
27,742
27,765
27,788
27,811
27,834
27,857
27,880
27,903
27,926
27,949
27,972
27,995
27,1018
27,1041
27,1064
27,1087
27,1110
28,460
28,483
28,506
28,529
28,552
28,575
28,598
28,621
28,644
28,667
28,690
28,713
28,736
28,759
28,782
28,805
28,828
28,851
28,874
28,897
28,920
28,943
28,966
28,989
28,1012
28,1035
28,1058
28,1081
28,1104
28,1127
29,477
29,500
29,523
29,546
29,569
29,592
29,615
29,638
29,661
29,684
29,707
29,730
29,753
29,776
29,799
29,822
29,845
29,868
29,891
29,914
29,937
29,960
29,983
29,1006
29,1029
29,1052
29,1075
29,1098
29,1121
29,1144
30,494
30,517
30,540
30,563
30,586
30,609
30,632
30,655
30,678
30,701
30,724
30,747
30,770
30,793
30,816
30,839
30,862
30,885
30,908
30,931
30,954
30,977
30,1000
30,1023
30,1046
30,1069
30,1092
30,1115
30,1138
30,1161
31,511
31,534
31,557
31,580
31,603
31,626
31,649
31,672
31,695
31,718
31,741
31,764
31,787
31,810
31,833
31,856
31,879
31,902
31,925
31,948
31,971
31,994
31,1017
31,1040
31,1063
31,1086
31,1109
31,1132
31,1155
31,1178
32,528
32,551
32,574
32,597
32,620
32,643
32,666
32,689
32,712
32,735
32,758
32,781
32,804
32,827
32,850
32,873
32,896
32,919
32,942
32,965
32,988
32,1011
32,1034
32,1057
32,1080
32,1103
32,1126
32,1149
32,1172
32,1195
33,545
33,568
33,591
33,614
33,637
33,660
33,683
33,706
33,729
33,752
33,775
33,798
33,821
33,844
33,867
33,890
33,913
33,936
33,959
33,982
33,1005
33,1028
33,1051
33,1074
33,1097
33,1120
33,1143
33,1166
33,1189
33,12
34,562
34,585
34,608
34,631
34,654
34,677
34,700
34,723
34,746
34,769
34,792
34,815
34,838
34,861
34,884
34,907
34,930
34,953
34,976
34,999
34,1022
34,1045
34,1068
34,1091
34,1114
34,1137
34,1160
34,1183
34,6
34,29
35,579
35,602
35,625
35,648
35,671
35,694
35,717
35,740
35,763
35,786
35,809
35,832
35,855
35,878
35,901
35,924
35,947
35,970
35,993
35,1016
35,1039
35,1062
35,1085
35,1108
35,1131
35,1154
35,1177
35,1200
35,23
35,46
36,596
36,619
36,642
36,665
36,688
36,711
36,734
36,757
36,780
36,803
36,826
36,849
36,872
36,895
36,918
36,941
36,964
36,987
36,1010
36,1033
36,1056
36,1079
36,1102
36,1125
36,1148
36,1171
36,1194
36,17
36,40
36,63
37,613
37,636
37,659
37,682
37,705
37,728
37,751
37,774
37,797
37,820
37,843
37,866
37,889
37,912
37,935
37,958
37,981
37,1004
37,1027
37,1050
37,1073
37,1096
37,1119
37,1142
37,1165
37,1188
37,11
37,34
37,57
37,80
38,630
38,653
38,676
38,699
38,722
38,745
38,768
38,791
38,814
38,837
38,860
38,883
38,906
38,929
38,952
38,975
38,998
38,1021
38,1044
38,1067
38,1090
38,1113
38,1136
38,1159
38,1182
38,5
38,28
38,51
38,74
38,97
39,647
39,670
39,693
39,716
39,739
39,762
39,785
39,808
39,831
39,854
39,877
39,900
39,923
39,946
39,969
39,992
39,1015
39,1038
39,1061
39,1084
39,1107
39,1130
39,1153
39,1176
39,1199
39,22
39,45
39,68
39,91
39,114
40,664
40,687
40,710
40,733
40,756
40,779
40,802
40,825
40,848
40,871
40,894
40,917
40,940
40,963
40,986
40,1009
40,1032
40,1055
40,1078
40,1101
40,1124
40,1147
40,1170
40,1193
40,16
40,39
40,62
40,85
40,108
40,131
41,681
41,704
41,727
41,750
41,773
41,796
41,819
41,842
41,865
41,888
41,911
41,934
41,957
41,980
41,1003
41,1026
41,1049
41,1072
41,1095
41,1118
41,1141
41,1164
41,1187
41,10
41,33
41,56
41,79
41,102
41,125
41,148
42,698
42,721
42,744
42,767
42,790
42,813
42,836
42,859
42,882
42,905
42,928
42,951
42,974
42,997
42,1020
42,1043
42,1066
42,1089
42,1112
42,1135
42,1158
42,1181
42,4
42,27
42,50
42,73
42,96
42,119
42,142
42,165
43,715
43,738
43,761
43,784
43,807
43,830
43,853
43,876
43,899
43,922
43,945
43,968
43,991
43,1014
43,1037
43,1060
43,1083
43,1106
43,1129
43,1152
43,1175
43,1198
43,21
43,44
43,67
43,90
43,113
43,136
43,159
43,182
44,732
44,755
44,778
44,801
44,824
44,847
44,870
44,893
44,916
44,939
44,962
44,985
44,1008
44,1031
44,1054
44,1077
44,1100
44,1123
44,1146
44,1169
44,1192
44,15
44,38
44,61
44,84
44,107
44,130
44,153
44,176
44,199
45,749
45,772
45,795
45,818
45,841
45,864
45,887
45,910
45,933
45,956
45,979
45,1002
45,1025
45,1048
45,1071
45,1094
45,1117
45,1140
45,1163
45,1186
45,9
45,32
45,55
45,78
45,101
45,124
45,147
45,170
45,193
45,216
46,766
46,789
46,812
46,835
46,858
46,881
46,904
46,927
46,950
46,973
46,996
46,1019
46,1042
46,1065
46,1088
46,1111
46,1134
46,1157
46,1180
46,3
46,26
46,49
46,72
46,95
46,118
46,141
46,164
46,187
46,210
46,233
47,783
47,806
47,829
47,852
47,875
47,898
47,921
47,944
47,967
47,990
47,1013
47,1036
47,1059
47,1082
47,1105
47,1128
47,1151
47,1174
47,1197
47,20
47,43
47,66
47,89
47,112
47,135
47,158
47,181
47,204
47,227
47,250
48,800
48,823
48,846
48,869
48,892
48,915
48,938
48,961
48,984
48,1007
48,1030
48,1053
48,1076
48,1099
48,1122
48,1145
48,1168
48,1191
48,14
48,37
48,60
48,83
48,106
48,129
48,152
48,175
48,198
48,221
48,244
48,267
49,817
49,840
49,863
49,886
49,909
49,932
49,955
49,978
49,1001
49,1024
49,1047
49,1070
49,1093
49,1116
49,1139
49,1162
49,1185
49,8
49,31
49,54
49,77
49,100
49,123
49,146
49,169
49,192
49,215
49,238
49,261
49,284
50,834
50,857
50,880
50,903
50,926
50,949
50,972
50,995
50,1018
50,1041
50,1064
50,1087
50,1110
50,1133
50,1156
50,1179
50,2
50,25
50,48
50,71
50,94
50,117
50,140
50,163
50,186
50,209
50,232
50,255
50,278
50,301
51,851
51,874
51,897
51,920
51,943
51,966
51,989
51,1012
51,1035
51,1058
51,1081
51,1104
51,1127
51,1150
51,1173
51,1196
51,19
51,42
51,65
51,88
51,111
51,134
51,157
51,180
51,203
51,226
51,249
51,272
51,295
51,318
52,868
52,891
52,914
52,937
52,960
52,983
52,1006
52,1029
52,1052
52,1075
52,1098
52,1121
52,1144
52,1167
52,1190
52,13
52,36
52,59
52,82
52,105
52,128
52,151
52,174
52,197
52,220
52,243
52,266
52,289
52,312
52,335
53,885
53,908
53,931
53,954
53,977
53,1000
53,1023
53,1046
53,1069
53,1092
53,1115
53,1138
53,1161
53,1184
53,7
53,30
53,53
53,76
53,99
53,122
53,145
53,168
53,191
53,214
53,237
53,260
53,283
53,306
53,329
53,352
54,902
54,925
54,948
54,971
54,994
54,1017
54,1040
54,1063
54,1086
54,1109
54,1132
54,1155
54,1178
54,1
54,24
54,47
54,70
54,93
54,116
54,139
54,162
54,185
54,208
54,231
54,254
54,277
54,300
54,323
54,346
54,369
55,919
55,942
55,965
55,988
55,1011
55,1034
55,1057
55,1080
55,1103
55,1126
55,1149
55,1172
55,1195
55,18
55,41
55,64
55,87
55,110
55,133
55,156
55,179
55,202
55,225
55,248
55,271
55,294
55,317
55,340
55,363
55,386
56,936
56,959
56,982
56,1005
56,1028
56,1051
56,1074
56,1097
56,1120
56,1143
56,1166
56,1189
56,12
56,35
56,58
56,81
56,104
56,127
56,150
56,173
56,196
56,219
56,242
56,265
56,288
56,311
56,334
56,357
56,380
56,403
57,953
57,976
57,999
57,1022
57,1045
57,1068
57,1091
57,1114
57,1137
57,1160
57,1183
57,6
57,29
57,52
57,75
57,98
57,121
57,144
57,167
57,190
57,213
57,236
57,259
57,282
57,305
57,328
57,351
57,374
57,397
57,420
58,970
58,993
58,1016
58,1039
58,1062
58,1085
58,1108
58,1131
58,1154
58,1177
58,1200
58,23
58,46
58,69
58,92
58,115
58,138
58,161
58,184
58,207
58,230
58,253
58,276
58,299
58,322
58,345
58,368
58,391
58,414
58,437
59,987
59,1010
59,1033
59,1056
59,1079
59,1102
59,1125
59,1148
59,1171
59,1194
59,17
59,40
59,63
59,86
59,109
59,132
59,155
59,178
59,201
59,224
59,247
59,270
59,293
59,316
59,339
59,362
59,385
59,408
59,431
59,454
60,1004
60,1027
60,1050
60,1073
60,1096
60,1119
60,1142
60,1165
60,1188
60,11
60,34
60,57
60,80
60,103
60,126
60,149
60,172
60,195
60,218
60,241
60,264
60,287
60,310
60,333
60,356
60,379
60,402
60,425
60,448
60,471
61,1021
61,1044
61,1067
61,1090
61,1113
61,1136
61,1159
61,1182
61,5
61,28
61,51
61,74
61,97
61,120
61,143
61,166
61,189
61,212
61,235
61,258
61,281
61,304
61,327
61,350
61,373
61,396
61,419
61,442
61,465
61,488
62,1038
62,1061
62,1084
62,1107
62,1130
62,1153
62,1176
62,1199
62,22
62,45
62,68
62,91
62,114
62,137
62,160
62,183
62,206
62,229
62,252
62,275
62,298
62,321
62,344
62,367
62,390
62,413
62,436
62,459
62,482
62,505
63,1055
63,1078
63,1101
63,1124
63,1147
63,1170
63,1193
63,16
63,39
63,62
63,85
63,108
63,131
63,154
63,177
63,200
63,223
63,246
63,269
63,292
63,315
63,338
63,361
63,384
63,407
63,430
63,453
63,476
63,499
63,522
64,1072
64,1095
64,1118
64,1141
64,1164
64,1187
64,10
64,33
64,56
64,79
64,102
64,125
64,148
64,171
64,194
64,217
64,240
64,263
64,286
64,309
64,332
64,355
64,378
64,401
64,424
64,447
64,470
64,493
64,516
64,539
65,1089
65,1112
65,1135
65,1158
65,1181
65,4
65,27
65,50
65,73
65,96
65,119
65,142
65,165
65,188
65,211
65,234
65,257
65,280
65,303
65,326
65,349
65,372
65,395
65,418
65,441
65,464
65,487
65,510
65,533
65,556
66,1106
66,1129
66,1152
66,1175
66,1198
66,21
66,44
66,67
66,90
66,113
66,136
66,159
66,182
66,205
66,228
66,251
66,274
66,297
66,320
66,343
66,366
66,389
66,412
66,435
66,458
66,481
66,504
66,527
66,550
66,573
67,1123
67,1146
67,1169
67,1192
67,15
67,38
67,61
67,84
67,107
67,130
67,153
67,176
67,199
67,222
67,245
67,268
67,291
67,314
67,337
67,360
67,383
67,406
67,429
67,452
67,475
67,498
67,521
67,544
67,567
67,590
68,1140
68,1163
68,1186
68,9
68,32
68,55
68,78
68,101
68,124
68,147
68,170
68,193
68,216
68,239
68,262
68,285
68,308
68,331
68,354
68,377
68,400
68,423
68,446
68,469
68,492
68,515
68,538
68,561
68,584
68,607
69,1157
69,1180
69,3
69,26
69,49
69,72
69,95
69,118
69,141
69,164
69,187
69,210
69,233
69,256
69,279
69,302
69,325
69,348
69,371
69,394
69,417
69,440
69,463
69,486
69,509
69,532
69,555
69,578
69,601
69,624
70,1174
70,1197
70,20
70,43
70,66
70,89
70,112
70,135
70,158
70,181
70,204
70,227
70,250
70,273
70,296
70,319
70,342
70,365
70,388
70,411
70,434
70,457
70,480
70,503
70,526
70,549
70,572
70,595
70,618
70,641
71,1191
71,14
71,37
71,60
71,83
71,106
71,129
71,152
71,175
71,198
71,221
71,244
71,267
71,290
71,313
71,336
71,359
71,382
71,405
71,428
71,451
71,474
71,497
71,520
71,543
71,566
71,589
71,612
71,635
71,658
72,8
72,31
72,54
72,77
72,100
72,123
72,146
72,169
72,192
72,215
72,238
72,261
72,284
72,307
72,330
72,353
72,376
72,399
72,422
72,445
72,468
72,491
72,514
72,537
72,560
72,583
72,606
72,629
72,652
72,675
73,25
73,48
73,71
73,94
73,117
73,140
73,163
73,186
73,209
73,232
73,255
73,278
73,301
73,324
73,347
73,370
73,393
73,416
73,439
73,462
73,485
73,508
73,531
73,554
73,577
73,600
73,623
73,646
73,669
73,692
74,42
74,65
74,88
74,111
74,134
74,157
74,180
74,203
74,226
74,249
74,272
74,295
74,318
74,341
74,364
74,387
74,410
74,433
74,456
74,479
74,502
74,525
74,548
74,571
74,594
74,617
74,640
74,663
74,686
74,709
75,59
75,82
75,105
75,128
75,151
75,174
75,197
75,220
75,243
75,266
75,289
75,312
75,335
75,358
75,381
75,404
75,427
75,450
75,473
75,496
75,519
75,542
75,565
75,588
75,611
75,634
75,657
75,680
75,703
75,726
76,76
76,99
76,122
76,145
76,168
76,191
76,214
76,237
76,260
76,283
76,306
76,329
76,352
76,375
76,398
76,421
76,444
76,467
76,490
76,513
76,536
76,559
76,582
76,605
76,628
76,651
76,674
76,697
76,720
76,743
77,93
77,116
77,139
77,162
77,185
77,208
77,231
77,254
77,277
77,300
77,323
77,346
77,369
77,392
77,415
77,438
77,461
77,484
77,507
77,530
77,553
77,576
77,599
77,622
77,645
77,668
77,691
77,714
77,737
77,760
78,110
78,133
78,156
78,179
78,202
78,225
78,248
78,271
78,294
78,317
78,340
78,363
78,386
78,409
78,432
78,455
78,478
78,501
78,524
78,547
78,570
78,593
78,616
78,639
78,662
78,685
78,708
78,731
78,754
78,777
79,127
79,150
79,173
79,196
79,219
79,242
79,265
79,288
79,311
79,334
79,357
79,380
79,403
79,426
79,449
79,472
79,495
79,518
79,541
79,564
79,587
79,610
79,633
79,656
79,679
79,702
79,725
79,748
79,771
79,794
80,144
80,167
80,190
80,213
80,236
80,259
80,282
80,305
80,328
80,351
80,374
80,397
80,420
80,443
80,466
80,489
80,512
80,535
80,558
80,581
80,604
80,627
80,650
80,673
80,696
80,719
80,742
80,765
80,788
80,811
81,161
81,184
81,207
81,230
81,253
81,276
81,299
81,322
81,345
81,368
81,391
81,414
81,437
81,460
81,483
81,506
81,529
81,552
81,575
81,598
81,621
81,644
81,667
81,690
81,713
81,736
81,759
81,782
81,805
81,828
82,178
82,201
82,224
82,247
82,270
82,293
82,316
82,339
82,362
82,385
82,408
82,431
82,454
82,477
82,500
82,523
82,546
82,569
82,592
82,615
82,638
82,661
82,684
82,707
82,730
82,753
82,776
82,799
82,822
82,845
83,195
83,218
83,241
83,264
83,287
83,310
83,333
83,356
83,379
83,402
83,425
83,448
83,471
83,494
83,517
83,540
83,563
83,586
83,609
83,632
83,655
83,678
83,701
83,724
83,747
83,770
83,793
83,816
83,839
83,862
84,212
84,235
84,258
84,281
84,304
84,327
84,350
84,373
84,396
84,419
84,442
84,465
84,488
84,511
84,534
84,557
84,580
84,603
84,626
84,649
84,672
84,695
84,718
84,741
84,764
84,787
84,810
84,833
84,856
84,879
85,229
85,252
85,275
85,298
85,321
85,344
85,367
85,390
85,413
85,436
85,459
85,482
85,505
85,528
85,551
85,574
85,597
85,620
85,643
85,666
85,689
85,712
85,735
85,758
85,781
85,804
85,827
85,850
85,873
85,896
86,246
86,269
86,292
86,315
86,338
86,361
86,384
86,407
86,430
86,453
86,476
86,499
86,522
86,545
86,568
86,591
86,614
86,637
86,660
86,683
86,706
86,729
86,752
86,775
86,798
86,821
86,844
86,867
86,890
86,913
87,263
87,286
87,309
87,332
87,355
87,378
87,401
87,424
87,447
87,470
87,493
87,516
87,539
87,562
87,585
87,608
87,631
87,654
87,677
87,700
87,723
87,746
87,769
87,792
87,815
87,838
87,861
87,884
87,907
87,930
88,280
88,303
88,326
88,349
88,372
88,395
88,418
88,441
88,464
88,487
88,510
88,533
88,556
88,579
88,602
88,625
88,648
88,671
88,694
88,717
88,740
88,763
88,786
88,809
88,832
88,855
88,878
88,901
88,924
88,947
89,297
89,320
89,343
89,366
89,389
89,412
89,435
89,458
89,481
89,504
89,527
89,550
89,573
89,596
89,619
89,642
89,665
89,688
89,711
89,734
89,757
89,780
89,803
89,826
89,849
89,872
89,895
89,918
89,941
89,964
90,314
90,337
90,360
90,383
90,406
90,429
90,452
90,475
90,498
90,521
90,544
90,567
90,590
90,613
90,636
90,659
90,682
90,705
90,728
90,751
90,774
90,797
90,820
90,843
90,866
90,889
90,912
90,935
90,958
90,981
91,331
91,354
91,377
91,400
91,423
91,446
91,469
91,492
91,515
91,538
91,561
91,584
91,607
91,630
91,653
91,676
91,699
91,722
91,745
91,768
91,791
91,814
91,837
91,860
91,883
91,906
91,929
91,952
91,975
91,998
92,348
92,371
92,394
92,417
92,440
92,463
92,486
92,509
92,532
92,555
92,578
92,601
92,624
92,647
92,670
92,693
92,716
92,739
92,762
92,785
92,808
92,831
92,854
92,877
92,900
92,923
92,946
92,969
92,992
92,1015
93,365
93,388
93,411
93,434
93,457
93,480
93,503
93,526
93,549
93,572
93,595
93,618
93,641
93,664
93,687
93,710
93,733
93,756
93,779
93,802
93,825
93,848
93,871
93,894
93,917
93,940
93,963
93,986
93,1009
93,1032
94,382
94,405
94,428
94,451
94,474
94,497
94,520
94,543
94,566
94,589
94,612
94,635
94,658
94,681
94,704
94,727
94,750
94,773
94,796
94,819
94,842
94,865
94,888
94,911
94,934
94,957
94,980
94,1003
94,1026
94,1049
95,399
95,422
95,445
95,468
95,491
95,514
95,537
95,560
95,583
95,606
95,629
95,652
95,675
95,698
95,721
95,744
95,767
95,790
95,813
95,836
95,859
95,882
95,905
95,928
95,951
95,974
95,997
95,1020
95,1043
95,1066
96,416
96,439
96,462
96,485
96,508
96,531
96,554
96,577
96,600
96,623
96,646
96,669
96,692
96,715
96,738
96,761
96,784
96,807
96,830
96,853
96,876
96,899
96,922
96,945
96,968
96,991
96,1014
96,1037
96,1060
96,1083
97,433
97,456
97,479
97,502
97,525
97,548
97,571
97,594
97,617
97,640
97,663
97,686
97,709
97,732
97,755
97,778
97,801
97,824
97,847
97,870
97,893
97,916
97,939
97,962
97,985
97,1008
97,1031
97,1054
97,1077
97,1100
98,450
98,473
98,496
98,519
98,542
98,565
98,588
98,611
98,634
98,657
98,680
98,703
98,726
98,749
98,772
98,795
98,818
98,841
98,864
98,887
98,910
98,933
98,956
98,979
98,1002
98,1025
98,1048
98,1071
98,1094
98,1117
99,467
99,490
99,513
99,536
99,559
99,582
99,605
99,628
99,651
99,674
99,697
99,720
99,743
99,766
99,789
99,812
99,835
99,858
99,881
99,904
99,927
99,950
99,973
99,996
99,1019
99,1042
99,1065
99,1088
99,1111
99,1134
100,484
100,507
100,530
100,553
100,576
100,599
100,622
100,645
100,668
100,691
100,714
100,737
100,760
100,783
100,806
100,829
100,852
100,875
100,898
100,921
100,944
100,967
100,990
100,1013
100,1036
100,1059
100,1082
100,1105
100,1128
100,1151
101,501
101,524
101,547
101,570
101,593
101,616
101,639
101,662
101,685
101,708
101,731
101,754
101,777
101,800
101,823
101,846
101,869
101,892
101,915
101,938
101,961
101,984
101,1007
101,1030
101,1053
101,1076
101,1099
101,1122
101,1145
101,1168
102,518
102,541
102,564
102,587
102,610
102,633
102,656
102,679
102,702
102,725
102,748
102,771
102,794
102,817
102,840
102,863
102,886
102,909
102,932
102,955
102,978
102,1001
102,1024
102,1047
102,1070
102,1093
102,1116
102,1139
102,1162
102,1185
103,535
103,558
103,581
103,604
103,627
103,650
103,673
103,696
103,719
103,742
103,765
103,788
103,811
103,834
103,857
103,880
103,903
103,926
103,949
103,972
103,995
103,1018
103,1041
103,1064
103,1087
103,1110
103,1133
103,1156
103,1179
103,2
104,552
104,575
104,598
104,621
104,644
104,667
104,690
104,713
104,736
104,759
104,782
104,805
104,828
104,851
104,874
104,897
104,920
104,943
104,966
104,989
104,1012
104,1035
104,1058
104,1081
104,1104
104,1127
104,1150
104,1173
104,1196
104,19
105,569
105,592
105,615
105,638
105,661
105,684
105,707
105,730
105,753
105,776
105,799
105,822
105,845
105,868
105,891
105,914
105,937
105,960
105,983
105,1006
105,1029
105,1052
105,1075
105,1098
105,1121
105,1144
105,1167
105,1190
105,13
105,36
106,586
106,609
106,632
106,655
106,678
106,701
106,724
106,747
106,770
106,793
106,816
106,839
106,862
106,885
106,908
106,931
106,954
106,977
106,1000
106,1023
106,1046
106,1069
106,1092
106,1115
106,1138
106,1161
106,1184
106,7
106,30
106,53
107,603
107,626
107,649
107,672
107,695
107,718
107,741
107,764
107,787
107,810
107,833
107,856
107,879
107,902
107,925
107,948
107,971
107,994
107,1017
107,1040
107,1063
107,1086
107,1109
107,1132
107,1155
107,1178
107,1
107,24
107,47
107,70
108,620
108,643
108,666
108,689
108,712
108,735
108,758
108,781
108,804
108,827
108,850
108,873
108,896
108,919
108,942
108,965
108,988
108,1011
108,1034
108,1057
108,1080
108,1103
108,1126
108,1149
108,1172
108,1195
108,18
108,41
108,64
108,87
109,637
109,660
109,683
109,706
109,729
109,752
109,775
109,798
109,821
109,844
109,867
109,890
109,913
109,936
109,959
109,982
109,1005
109,1028
109,1051
109,1074
109,1097
109,1120
109,1143
109,1166
109,1189
109,12
109,35
109,58
109,81
109,104
110,654
110,677
110,700
110,723
110,746
110,769
110,792
110,815
110,838
110,861
110,884
110,907
110,930
110,953
110,976
110,999
110,1022
110,1045
110,1068
110,1091
110,1114
110,1137
110,1160
110,1183
110,6
110,29
110,52
110,75
110,98
110,121
111,671
111,694
111,717
111,740
111,763
111,786
111,809
111,832
111,855
111,878
111,901
111,924
111,947
111,970
111,993
111,1016
111,1039
111,1062
111,1085
111,1108
111,1131
111,1154
111,1177
111,1200
111,23
111,46
111,69
111,92
111,115
111,138
112,688
112,711
112,734
112,757
112,780
112,803
112,826
112,849
112,872
112,895
112,918
112,941
112,964
112,987
112,1010
112,1033
112,1056
112,1079
112,1102
112,1125
112,1148
112,1171
112,1194
112,17
112,40
112,63
112,86
112,109
112,132
112,155
113,705
113,728
113,751
113,774
113,797
113,820
113,843
113,866
113,889
113,912
113,935
113,958
113,981
113,1004
113,1027
113,1050
113,1073
113,1096
113,1119
113,1142
113,1165
113,1188
113,11
113,34
113,57
113,80
113,103
113,126
113,149
113,172
114,722
114,745
114,768
114,791
114,814
114,837
114,860
114,883
114,906
114,929
114,952
114,975
114,998
114,1021
114,1044
114,1067
114,1090
114,1113
114,1136
114,1159
114,1182
114,5
114,28
114,51
114,74
114,97
114,120
114,143
114,166
114,189
115,739
115,762
115,785
115,808
115,831
115,854
115,877
115,900
115,923
115,946
115,969
115,992
115,1015
115,1038
115,1061
115,1084
115,1107
115,1130
115,1153
115,1176
115,1199
115,22
115,45
115,68
115,91
115,114
115,137
115,160
115,183
115,206
116,756
116,779
116,802
116,825
116,848
116,871
116,894
116,917
116,940
116,963
116,986
116,1009
116,1032
116,1055
116,1078
116,1101
116,1124
116,1147
116,1170
116,1193
116,16
116,39
116,62
116,85
116,108
116,131
116,154
116,177
116,200
116,223
117,773
117,796
117,819
117,842
117,865
117,888
117,911
117,934
117,957
117,980
117,1003
117,1026
117,1049
117,1072
117,1095
117,1118
117,1141
117,1164
117,1187
117,10
117,33
117,56
117,79
117,102
117,125
117,148
117,171
117,194
117,217
117,240
118,790
118,813
118,836
118,859
118,882
118,905
118,928
118,951
118,974
118,997
118,1020
118,1043
118,1066
118,1089
118,1112
118,1135
118,1158
118,1181
118,4
118,27
118,50
118,73
118,96
118,119
118,142
118,165
118,188
118,211
118,234
118,257
119,807
119,830
119,853
119,876
119,899
119,922
119,945
119,968
119,991
119,1014
119,1037
119,1060
119,1083
119,1106
119,1129
119,1152
119,1175
119,1198
119,21
119,44
119,67
119,90
119,113
119,136
119,159
119,182
119,205
119,228
119,251
119,274
120,824
120,847
120,870
120,893
120,916
120,939
120,962
120,985
120,1008
120,1031
120,1054
120,1077
120,1100
120,1123
120,1146
120,1169
120,1192
120,15
120,38
120,61
120,84
120,107
120,130
120,153
120,176
120,199
120,222
120,245
120,268
120,291
121,841
121,864
121,887
121,910
121,933
121,956
121,979
121,1002
121,1025
121,1048
121,1071
121,1094
121,1117
121,1140
121,1163
121,1186
121,9
121,32
121,55
121,78
121,101
121,124
121,147
121,170
121,193
121,216
121,239
121,262
121,285
121,308
122,858
122,881
122,904
122,927
122,950
122,973
122,996
122,1019
122,1042
122,1065
122,1088
122,1111
122,1134
122,1157
122,1180
122,3
122,26
122,49
122,72
122,95
122,118
122,141
122,164
122,187
122,210
122,233
122,256
122,279
122,302
122,325
123,875
123,898
123,921
123,944
123,967
123,990
123,1013
123,1036
123,1059
123,1082
123,1105
123,1128
123,1151
123,1174
123,1197
123,20
123,43
123,66
123,89
123,112
123,135
123,158
123,181
123,204
123,227
123,250
123,273
123,296
123,319
123,342
124,892
124,915
124,938
124,961
124,984
124,1007
124,1030
124,1053
124,1076
124,1099
124,1122
124,1145
124,1168
124,1191
124,14
124,37
124,60
124,83
124,106
124,129
124,152
124,175
124,198
124,221
124,244
124,267
124,290
124,313
124,336
124,359
125,909
125,932
125,955
125,978
125,1001
125,1024
125,1047
125,1070
125,1093
125,1116
125,1139
125,1162
125,1185
125,8
125,31
125,54
125,77
125,100
125,123
125,146
125,169
125,192
125,215
125,238
125,261
125,284
125,307
125,330
125,353
125,376
126,926
126,949
126,972
126,995
126,1018
126,1041
126,1064
126,1087
126,1110
126,1133
126,1156
126,1179
126,2
126,25
126,48
126,71
126,94
126,117
126,140
126,163
126,186
126,209
126,232
126,255
126,278
126,301
126,324
126,347
126,370
126,393
127,943
127,966
127,989
127,1012
127,1035
127,1058
127,1081
127,1104
127,1127
127,1150
127,1173
127,1196
127,19
127,42
127,65
127,88
127,111
127,134
127,157
127,180
127,203
127,226
127,249
127,272
127,295
127,318
127,341
127,364
127,387
127,410
128,960
128,983
128,1006
128,1029
128,1052
128,1075
128,1098
128,1121
128,1144
128,1167
128,1190
128,13
128,36
128,59
128,82
128,105
128,128
128,151
128,174
128,197
128,220
128,243
128,266
128,289
128,312
128,335
128,358
128,381
128,404
128,427
129,977
129,1000
129,1023
129,1046
129,1069
129,1092
129,1115
129,1138
129,1161
129,1184
129,7
129,30
129,53
129,76
129,99
129,122
129,145
129,168
129,191
129,214
129,237
129,260
129,283
129,306
129,329
129,352
129,375
129,398
129,421
129,444
130,994
130,1017
130,1040
130,1063
130,1086
130,1109
130,1132
130,1155
130,1178
130,1
130,24
130,47
130,70
130,93
130,116
130,139
130,162
130,185
130,208
130,231
130,254
130,277
130,300
130,323
130,346
130,369
130,392
130,415
130,438
130,461
131,1011
131,1034
131,1057
131,1080
131,1103
131,1126
131,1149
131,1172
131,1195
131,18
131,41
131,64
131,87
131,110
131,133
131,156
131,179
131,202
131,225
131,248
131,271
131,294
131,317
131,340
131,363
131,386
131,409
131,432
131,455
131,478
132,1028
132,1051
132,1074
132,1097
132,1120
132,1143
132,1166
132,1189
132,12
132,35
132,58
132,81
132,104
132,127
132,150
132,173
132,196
132,219
132,242
132,265
132,288
132,311
132,334
132,357
132,380
132,403
132,426
132,449
132,472
132,495
133,1045
133,1068
133,1091
133,1114
133,1137
133,1160
133,1183
133,6
133,29
133,52
133,75
133,98
133,121
133,144
133,167
133,190
133,213
133,236
133,259
133,282
133,305
133,328
133,351
133,374
133,397
133,420
133,443
133,466
133,489
133,512
134,1062
134,1085
134,1108
134,1131
134,1154
134,1177
134,1200
134,23
134,46
134,69
134,92
134,115
134,138
134,161
134,184
134,207
134,230
134,253
134,276
134,299
134,322
134,345
134,368
134,391
134,414
134,437
134,460
134,483
134,506
134,529
135,1079
135,1102
135,1125
135,1148
135,1171
135,1194
135,17
135,40
135,63
135,86
135,109
135,132
135,155
135,178
135,201
135,224
135,247
135,270
135,293
135,316
135,339
135,362
135,385
135,408
135,431
135,454
135,477
135,500
135,523
135,546
136,1096
136,1119
136,1142
136,1165
136,1188
136,11
136,34
136,57
136,80
136,103
136,126
136,149
136,172
136,195
136,218
136,241
136,264
136,287
136,310
136,333
136,356
136,379
136,402
136,425
136,448
136,471
136,494
136,517
136,540
136,563
137,1113
137,1136
137,1159
137,1182
137,5
137,28
137,51
137,74
137,97
137,120
137,143
137,166
137,189
137,212
137,235
137,258
137,281
137,304
137,327
137,350
137,373
137,396
137,419
137,442
137,465
137,488
137,511
137,534
137,557
137,580
138,1130
138,1153
138,1176
138,1199
138,22
138,45
138,68
138,91
138,114
138,137
138,160
138,183
138,206
138,229
138,252
138,275
138,298
138,321
138,344
138,367
138,390
138,413
138,436
138,459
138,482
138,505
138,528
138,551
138,574
138,597
139,1147
139,1170
139,1193
139,16
139,39
139,62
139,85
139,108
139,131
139,154
139,177
139,200
139,223
139,246
139,269
139,292
139,315
139,338
139,361
139,384
139,407
139,430
139,453
139,476
139,499
139,522
139,545
139,568
139,591
139,614
140,1164
140,1187
140,10
140,33
140,56
140,79
140,102
140,125
140,148
140,171
140,194
140,217
140,240
140,263
140,286
140,309
140,332
140,355
140,378
140,401
140,424
140,447
140,470
140,493
140,516
140,539
140,562
140,585
140,608
140,631
141,1181
141,4
141,27
141,50
141,73
141,96
141,119
141,142
141,165
141,188
141,211
141,234
141,257
141,280
141,303
141,326
141,349
141,372
141,395
141,418
141,441
141,464
141,487
141,510
141,533
141,556
141,579
141,602
141,625
141,648
142,1198
142,21
142,44
142,67
142,90
142,113
142,136
142,159
142,182
142,205
142,228
142,251
142,274
142,297
142,320
142,343
142,366
142,389
142,412
142,435
142,458
142,481
142,504
142,527
142,550
142,573
142,596
142,619
142,642
142,665
143,15
143,38
143,61
143,84
143,107
143,130
143,153
143,176
143,199
143,222
143,245
143,268
143,291
143,314
143,337
143,360
143,383
143,406
143,429
143,452
143,475
143,498
143,521
143,544
143,567
143,590
143,613
143,636
143,659
143,682
144,32
144,55
144,78
144,101
144,124
144,147
144,170
144,193
144,216
144,239
144,262
144,285
144,308
144,331
144,354
144,377
144,400
144,423
144,446
144,469
144,492
144,515
144,538
144,561
144,584
144,607
144,630
144,653
144,676
144,699
145,49
145,72
145,95
145,118
145,141
145,164
145,187
145,210
145,233
145,256
145,279
145,302
145,325
145,348
145,371
145,394
145,417
145,440
145,463
145,486
145,509
145,532
145,555
145,578
145,601
145,624
145,647
145,670
145,693
145,716
146,66
146,89
146,112
146,135
146,158
146,181
146,204
146,227
146,250
146,273
146,296
146,319
146,342
146,365
146,388
146,411
146,434
146,457
146,480
146,503
146,526
146,549
146,572
146,595
146,618
146,641
146,664
146,687
146,710
146,733
147,83
147,106
147,129
147,152
147,175
147,198
147,221
147,244
147,267
147,290
147,313
147,336
147,359
147,382
147,405
147,428
147,451
147,474
147,497
147,520
147,543
147,566
147,589
147,612
147,635
147,658
147,681
147,704
147,727
147,750
148,100
148,123
148,146
148,169
148,192
148,215
148,238
148,261
148,284
148,307
148,330
148,353
148,376
148,399
148,422
148,445
148,468
148,491
148,514
148,537
148,560
148,583
148,606
148,629
148,652
148,675
148,698
148,721
148,744
148,767
149,117
149,140
149,163
149,186
149,209
149,232
149,255
149,278
149,301
149,324
149,347
149,370
149,393
149,416
149,439
149,462
149,485
149,508
149,531
149,554
149,577
149,600
149,623
149,646
149,669
149,692
149,715
149,738
149,761
149,784
150,134
150,157
150,180
150,203
150,226
150,249
150,272
150,295
150,318
150,341
150,364
150,387
150,410
150,433
150,456
150,479
150,502
150,525
150,548
150,571
150,594
150,617
150,640
150,663
150,686
150,709
150,732
150,755
150,778
150,801
151,151
151,174
151,197
151,220
151,243
151,266
151,289
151,312
151,335
151,358
151,381
151,404
151,427
151,450
151,473
151,496
151,519
151,542
151,565
151,588
151,611
151,634
151,657
151,680
151,703
151,726
151,749
151,772
151,795
151,818
152,168
152,191
152,214
152,237
152,260
152,283
152,306
152,329
152,352
152,375
152,398
152,421
152,444
152,467
152,490
152,513
152,536
152,559
152,582
152,605
152,628
152,651
152,674
152,697
152,720
152,743
152,766
152,789
152,812
152,835
153,185
153,208
153,231
153,254
153,277
153,300
153,323
153,346
153,369
153,392
153,415
153,438
153,461
153,484
153,507
153,530
153,553
153,576
153,599
153,622
153,645
153,668
153,691
153,714
153,737
153,760
153,783
153,806
153,829
153,852
154,202
154,225
154,248
154,271
154,294
154,317
154,340
154,363
154,386
154,409
154,432
154,455
154,478
154,501
154,524
154,547
154,570
154,593
154,616
154,639
154,662
154,685
154,708
154,731
154,754
154,777
154,800
154,823
154,846
154,869
155,219
155,242
155,265
155,288
155,311
155,334
155,357
155,380
155,403
155,426
155,449
155,472
155,495
155,518
155,541
155,564
155,587
155,610
155,633
155,656
155,679
155,702
155,725
155,748
155,771
155,794
155,817
155,840
155,863
155,886
156,236
156,259
156,282
156,305
156,328
156,351
156,374
156,397
156,420
156,443
156,466
156,489
156,512
156,535
156,558
156,581
156,604
156,627
156,650
156,673
156,696
156,719
156,742
156,765
156,788
156,811
156,834
156,857
156,880
156,903
157,253
157,276
157,299
157,322
157,345
157,368
157,391
157,414
157,437
157,460
157,483
157,506
157,529
157,552
157,575
157,598
157,621
157,644
157,667
157,690
157,713
157,736
157,759
157,782
157,805
157,828
157,851
157,874
157,897
157,920
158,270
158,293
158,316
158,339
158,362
158,385
158,408
158,431
158,454
158,477
158,500
158,523
158,546
158,569
158,592
158,615
158,638
158,661
158,684
158,707
158,730
158,753
158,776
158,799
158,822
158,845
158,868
158,891
158,914
158,937
159,287
159,310
159,333
159,356
159,379
159,402
159,425
159,448
159,471
159,494
159,517
159,540
159,563
159,586
159,609
159,632
159,655
159,678
159,701
159,724
159,747
159,770
159,793
159,816
159,839
159,862
159,885
159,908
159,931
159,954
160,304
160,327
160,350
160,373
160,396
160,419
160,442
160,465
160,488
160,511
160,534
160,557
160,580
160,603
160,626
160,649
160,672
160,695
160,718
160,741
160,764
160,787
160,810
160,833
160,856
160,879
160,902
160,925
160,948
160,971
161,321
161,344
161,367
161,390
161,413
161,436
161,459
161,482
161,505
161,528
161,551
161,574
161,597
161,620
161,643
161,666
161,689
161,712
161,735
161,758
161,781
161,804
161,827
161,850
161,873
161,896
161,919
161,942
161,965
161,988
162,338
162,361
162,384
162,407
162,430
162,453
162,476
162,499
162,522
162,545
162,568
162,591
162,614
162,637
162,660
162,683
162,706
162,729
162,752
162,775
162,798
162,821
162,844
162,867
162,890
162,913
162,936
162,959
162,982
162,1005
163,355
163,378
163,401
163,424
163,447
163,470
163,493
163,516
163,539
163,562
163,585
163,608
163,631
163,654
163,677
163,700
163,723
163,746
163,769
163,792
163,815
163,838
163,861
163,884
163,907
163,930
163,953
163,976
163,999
163,1022
164,372
164,395
164,418
164,441
164,464
164,487
164,510
164,533
164,556
164,579
164,602
164,625
164,648
164,671
164,694
164,717
164,740
164,763
164,786
164,809
164,832
164,855
164,878
164,901
164,924
164,947
164,970
164,993
164,1016
164,1039
165,389
165,412
165,435
165,458
165,481
165,504
165,527
165,550
165,573
165,596
165,619
165,642
165,665
165,688
165,711
165,734
165,757
165,780
165,803
165,826
165,849
165,872
165,895
165,918
165,941
165,964
165,987
165,1010
165,1033
165,1056
166,406
166,429
166,452
166,475
166,498
166,521
166,544
166,567
166,590
166,613
166,636
166,659
166,682
166,705
166,728
166,751
166,774
166,797
166,820
166,843
166,866
166,889
166,912
166,935
166,958
166,981
166,1004
166,1027
166,1050
166,1073
167,423
167,446
167,469
167,492
167,515
167,538
167,561
167,584
167,607
167,630
167,653
167,676
167,699
167,722
167,745
167,768
167,791
167,814
167,837
167,860
167,883
167,906
167,929
167,952
167,975
167,998
167,1021
167,1044
167,1067
167,1090
168,440
168,463
168,486
168,509
168,532
168,555
168,578
168,601
168,624
168,647
168,670
168,693
168,716
168,739
168,762
168,785
168,808
168,831
168,854
168,877
168,900
168,923
168,946
168,969
168,992
168,1015
168,1038
168,1061
168,1084
168,1107
169,457
169,480
169,503
169,526
169,549
169,572
169,595
169,618
169,641
169,664
169,687
169,710
169,733
169,756
169,779
169,802
169,825
169,848
169,871
169,894
169,917
169,940
169,963
169,986
169,1009
169,1032
169,1055
169,1078
169,1101
169,1124
170,474
170,497
170,520
170,543
170,566
170,589
170,612
170,635
170,658
170,681
170,704
170,727
170,750
170,773
170,796
170,819
170,842
170,865
170,888
170,911
170,934
170,957
170,980
170,1003
170,1026
170,1049
170,1072
170,1095
170,1118
170,1141
171,491
171,514
171,537
171,560
171,583
171,606
171,629
171,652
171,675
171,698
171,721
171,744
171,767
171,790
171,813
171,836
171,859
171,882
171,905
171,928
171,951
171,974
171,997
171,1020
171,1043
171,1066
171,1089
171,1112
171,1135
171,1158
172,508
172,531
172,554
172,577
172,600
172,623
172,646
172,669
172,692
172,715
172,738
172,761
172,784
172,807
172,830
172,853
172,876
172,899
172,922
172,945
172,968
172,991
172,1014
172,1037
172,1060
172,1083
172,1106
172,1129
172,1152
172,1175
173,525
173,548
173,571
173,594
173,617
173,640
173,663
173,686
173,709
173,732
173,755
173,778
173,801
173,824
173,847
173,870
173,893
173,916
173,939
173,962
173,985
173,1008
173,1031
173,1054
173,1077
173,1100
173,1123
173,1146
173,1169
173,1192
174,542
174,565
174,588
174,611
174,634
174,657
174,680
174,703
174,726
174,749
174,772
174,795
174,818
174,841
174,864
174,887
174,910
174,933
174,956
174,979
174,1002
174,1025
174,1048
174,1071
174,1094
174,1117
174,1140
174,1163
174,1186
174,9
175,559
175,582
175,605
175,628
175,651
175,674
175,697
175,720
175,743
175,766
175,789
175,812
175,835
175,858
175,881
175,904
175,927
175,950
175,973
175,996
175,1019
175,1042
175,1065
175,1088
175,1111
175,1134
175,1157
175,1180
175,3
175,26
176,576
176,599
176,622
176,645
176,668
176,691
176,714
176,737
176,760
176,783
176,806
176,829
176,852
176,875
176,898
176,921
176,944
176,967
176,990
176,1013
176,1036
176,1059
176,1082
176,1105
176,1128
176,1151
176,1174
176,1197
176,20
176,43
177,593
177,616
177,639
177,662
177,685
177,708
177,731
177,754
177,777
177,800
177,823
177,846
177,869
177,892
177,915
177,938
177,961
177,984
177,1007
177,1030
177,1053
177,1076
177,1099
177,1122
177,1145
177,1168
177,1191
177,14
177,37
177,60
178,610
178,633
178,656
178,679
178,702
178,725
178,748
178,771
178,794
178,817
178,840
178,863
178,886
178,909
178,932
178,955
178,978
178,1001
178,1024
178,1047
178,1070
178,1093
178,1116
178,1139
178,1162
178,1185
178,8
178,31
178,54
178,77
179,627
179,650
179,673
179,696
179,719
179,742
179,765
179,788
179,811
179,834
179,857
179,880
179,903
179,926
179,949
179,972
179,995
179,1018
179,1041
179,1064
179,1087
179,1110
179,1133
179,1156
179,1179
179,2
179,25
179,48
179,71
179,94
180,644
180,667
180,690
180,713
180,736
180,759
180,782
180,805
180,828
180,851
180,874
180,897
180,920
180,943
180,966
180,989
180,1012
180,1035
180,1058
180,1081
180,1104
180,1127
180,1150
180,1173
180,1196
180,19
180,42
180,65
180,88
180,111
181,661
181,684
181,707
181,730
181,753
181,776
181,799
181,822
181,845
181,868
181,891
181,914
181,937
181,960
181,983
181,1006
181,1029
181,1052
181,1075
181,1098
181,1121
181,1144
181,1167
181,1190
181,13
181,36
181,59
181,82
181,105
181,128
182,678
182,701
182,724
182,747
182,770
182,793
182,816
182,839
182,862
182,885
182,908
182,931
182,954
182,977
182,1000
182,1023
182,1046
182,1069
182,1092
182,1115
182,1138
182,1161
182,1184
182,7
182,30
182,53
182,76
182,99
182,122
182,145
183,695
183,718
183,741
183,764
183,787
183,810
183,833
183,856
183,879
183,902
183,925
183,948
183,971
183,994
183,1017
183,1040
183,1063
183,1086
183,1109
183,1132
183,1155
183,1178
183,1
183,24
183,47
183,70
183,93
183,116
183,139
183,162
184,712
184,735
184,758
184,781
184,804
184,827
184,850
184,873
184,896
184,919
184,942
184,965
184,988
184,1011
184,1034
184,1057
184,1080
184,1103
184,1126
184,1149
184,1172
184,1195
184,18
184,41
184,64
184,87
184,110
184,133
184,156
184,179
185,729
185,752
185,775
185,798
185,821
185,844
185,867
185,890
185,913
185,936
185,959
185,982
185,1005
185,1028
185,1051
185,1074
185,1097
185,1120
185,1143
185,1166
185,1189
185,12
185,35
185,58
185,81
185,104
185,127
185,150
185,173
185,196
186,746
186,769
186,792
186,815
186,838
186,861
186,884
186,907
186,930
186,953
186,976
186,999
186,1022
186,1045
186,1068
186,1091
186,1114
186,1137
186,1160
186,1183
186,6
186,29
186,52
186,75
186,98
186,121
186,144
186,167
186,190
186,213
187,763
187,786
187,809
187,832
187,855
187,878
187,901
187,924
187,947
187,970
187,993
187,1016
187,1039
187,1062
187,1085
187,1108
187,1131
187,1154
187,1177
187,1200
187,23
187,46
187,69
187,92
187,115
187,138
187,161
187,184
187,207
187,230
188,780
188,803
188,826
188,849
188,872
188,895
188,918
188,941
188,964
188,987
188,1010
188,1033
188,1056
188,1079
188,1102
188,1125
188,1148
188,1171
188,1194
188,17
188,40
188,63
188,86
188,109
188,132
188,155
188,178
188,201
188,224
188,247
189,797
189,820
189,843
189,866
189,889
189,912
189,935
189,958
189,981
189,1004
189,1027
189,1050
189,1073
189,1096
189,1119
189,1142
189,1165
189,1188
189,11
189,34
189,57
189,80
189,103
189,126
189,149
189,172
189,195
189,218
189,241
189,264
190,814
190,837
190,860
190,883
190,906
190,929
190,952
190,975
190,998
190,1021
190,1044
190,1067
190,1090
190,1113
190,1136
190,1159
190,1182
190,5
190,28
190,51
190,74
190,97
190,120
190,143
190,166
190,189
190,212
190,235
190,258
190,281
191,831
191,854
191,877
191,900
191,923
191,946
191,969
191,992
191,1015
191,1038
191,1061
191,1084
191,1107
191,1130
191,1153
191,1176
191,1199
191,22
191,45
191,68
191,91
191,114
191,137
191,160
191,183
191,206
191,229
191,252
191,275
191,298
192,848
192,871
192,894
192,917
192,940
192,963
192,986
192,1009
192,1032
192,1055
192,1078
192,1101
192,1124
192,1147
192,1170
192,1193
192,16
192,39
192,62
192,85
192,108
192,131
192,154
192,177
192,200
192,223
192,246
192,269
192,292
192,315
193,865
193,888
193,911
193,934
193,957
193,980
193,1003
193,1026
193,1049
193,1072
193,1095
193,1118
193,1141
193,1164
193,1187
193,10
193,33
193,56
193,79
193,102
193,125
193,148
193,171
193,194
193,217
193,240
193,263
193,286
193,309
193,332
194,882
194,905
194,928
194,951
194,974
194,997
194,1020
194,1043
194,1066
194,1089
194,1112
194,1135
194,1158
194,1181
194,4
194,27
194,50
194,73
194,96
194,119
194,142
194,165
194,188
194,211
194,234
194,257
194,280
194,303
194,326
194,349
195,899
195,922
195,945
195,968
195,991
195,1014
195,1037
195,1060
195,1083
195,1106
195,1129
195,1152
195,1175
195,1198
195,21
195,44
195,67
195,90
195,113
195,136
195,159
195,182
195,205
195,228
195,251
195,274
195,297
195,320
195,343
195,366
196,916
196,939
196,962
196,985
196,1008
196,1031
196,1054
196,1077
196,1100
196,1123
196,1146
196,1169
196,1192
196,15
196,38
196,61
196,84
196,107
196,130
196,153
196,176
196,199
196,222
196,245
196,268
196,291
196,314
196,337
196,360
196,383
197,933
197,956
197,979
197,1002
197,1025
197,1048
197,1071
197,1094
197,1117
197,1140
197,1163
197,1186
197,9
197,32
197,55
197,78
197,101
197,124
197,147
197,170
197,193
197,216
197,239
197,262
197,285
197,308
197,331
197,354
197,377
197,400
198,950
198,973
198,996
198,1019
198,1042
198,1065
198,1088
198,1111
198,1134
198,1157
198,1180
198,3
198,26
198,49
198,72
198,95
198,118
198,141
198,164
198,187
198,210
198,233
198,256
198,279
198,302
198,325
198,348
198,371
198,394
198,417
199,967
199,990
199,1013
199,1036
199,1059
199,1082
199,1105
199,1128
199,1151
199,1174
199,1197
199,20
199,43
199,66
199,89
199,112
199,135
199,158
199,181
199,204
199,227
199,250
199,273
199,296
199,319
199,342
199,365
199,388
199,411
199,434
200,984
200,1007
200,1030
200,1053
200,1076
200,1099
200,1122
200,1145
200,1168
200,1191
200,14
200,37
200,60
200,83
200,106
200,129
200,152
200,175
200,198
200,221
200,244
200,267
200,290
200,313
200,336
200,359
200,382
200,405
200,428
200,451
